Ypos,Zpos,Scan_min,Sel_x_min,Sel_z_min
31.0,35.0,0.40517530723287,15.0,5.0
31.25,33.75,0.55719564605515,22.5,-12.5
31.25,34.0,0.37839352551293,30.0,-12.5
31.25,34.25,0.60982688668226,32.5,-10.0
31.25,34.5,0.40535799108153,32.5,-7.5
31.25,34.75,0.39899615297887,32.5,-5.0
31.25,35.0,0.34949037085886,32.5,-2.5
31.25,35.25,0.42067965888832,32.5,0.0
31.25,35.5,0.53021377818519,32.5,2.5
31.25,35.75,0.43396590373651,32.5,5.0
31.25,36.0,0.29072912617215,32.5,7.5
31.25,36.25,0.53096266037936,27.5,12.5
31.5,33.25,0.25384916864017,27.5,-20.0
31.5,33.5,0.27462098195539,30.0,-17.5
31.5,33.75,0.36117140787625,30.0,-15.0
31.5,34.0,0.43531276513395,30.0,-12.5
31.5,34.25,0.56102800167484,30.0,-10.0
31.5,34.5,0.59515154467567,30.0,-7.5
31.5,34.75,0.55585004881206,30.0,-5.0
31.5,35.0,0.54849439745946,30.0,-2.5
31.5,35.25,0.37418736557837,30.0,0.0
31.5,35.5,0.26150971184298,30.0,2.5
31.5,35.75,0.35821668302004,30.0,5.0
31.5,36.0,0.52335036499935,32.5,7.5
31.5,36.25,0.11160077153398,32.5,10.0
31.5,36.5,0.1246677665585,32.5,12.5
31.5,36.75,0.41387989362496,32.5,15.0
31.75,32.75,0.52251405463086,25.0,-22.5
31.75,33.0,0.26120575710895,27.5,-22.5
31.75,33.25,0.42348951616679,27.5,-20.0
31.75,33.5,0.67487873028054,27.5,-15.0
31.75,33.75,0.58207475883241,25.0,-12.5
31.75,34.0,0.25345338815567,25.0,-10.0
31.75,34.25,0.27328547665923,25.0,-7.5
31.75,34.5,0.55607635778341,25.0,-5.0
31.75,34.75,0.41171676747067,25.0,-5.0
31.75,35.0,0.32437453463559,25.0,-2.5
31.75,35.25,0.47096487936901,25.0,0.0
31.75,35.5,0.42921499705642,25.0,0.0
31.75,35.75,0.46533410504192,25.0,2.5
31.75,36.0,0.47159121906681,27.5,5.0
31.75,36.25,0.42814821156352,27.5,7.5
31.75,36.5,0.60950072539006,30.0,12.5
31.75,36.75,0.42884597764888,30.0,15.0
31.75,37.0,0.47352583176231,32.5,17.5
31.75,37.25,0.25127333287349,30.0,17.5
32.0,32.5,0.83682801195462,25.0,-25.0
32.0,32.75,0.50190146387861,25.0,-25.0
32.0,33.0,0.56381659821194,25.0,-22.5
32.0,33.25,0.51646303628065,25.0,-17.5
32.0,33.5,0.46322389459099,22.5,-15.0
32.0,33.75,0.56324742277791,22.5,-10.0
32.0,34.0,0.77358478231005,20.0,-7.5
32.0,34.25,0.56093455915586,20.0,-7.5
32.0,34.5,0.19002152027931,20.0,-5.0
32.0,34.75,0.55461684812398,20.0,-2.5
32.0,35.0,0.049799238211598,20.0,-2.5
32.0,35.25,0.5972559417294,20.0,0.0
32.0,35.5,0.41352518421632,20.0,0.0
32.0,35.75,0.57594937700925,22.5,2.5
32.0,36.0,0.51666960482372,22.5,5.0
32.0,36.25,0.62762901796451,22.5,7.5
32.0,36.5,0.29391253164476,25.0,10.0
32.0,36.75,0.54077323404674,27.5,12.5
32.0,37.0,0.66919627844027,27.5,17.5
32.0,37.25,0.39505244995522,30.0,20.0
32.0,37.5,0.41480845829757,30.0,20.0
32.25,32.25,0.11963034656122,25.0,-27.5
32.25,32.5,0.64211859531178,25.0,-27.5
32.25,32.75,0.25723452985698,22.5,-22.5
32.25,33.0,0.80156553884909,22.5,-20.0
32.25,33.25,0.09283251097342,20.0,-15.0
32.25,33.5,0.77040762330678,20.0,-12.5
32.25,33.75,0.60231640119675,17.5,-7.5
32.25,34.0,0.3777942362535,17.5,-7.5
32.25,34.25,0.33761588109948,17.5,-5.0
32.25,34.5,0.73387152129268,17.5,-5.0
32.25,34.75,0.62084740447644,17.5,-2.5
32.25,35.0,0.57406926810695,15.0,-2.5
32.25,35.25,0.75377542653456,17.5,0.0
32.25,35.5,0.35990520178752,17.5,0.0
32.25,35.75,0.54736943452209,17.5,0.0
32.25,36.0,0.29420027123427,17.5,2.5
32.25,36.25,0.49971291794707,20.0,5.0
32.25,36.5,0.13852602719197,20.0,7.5
32.25,36.75,0.40328418460041,22.5,10.0
32.25,37.0,0.54734358635925,25.0,15.0
32.25,37.25,0.64103891851869,25.0,17.5
32.25,37.5,0.65533891763575,27.5,22.5
32.25,37.75,0.52481886262598,30.0,22.5
32.5,32.0,0.4310097979076,22.5,-30.0
32.5,32.25,0.53160685172796,22.5,-30.0
32.5,32.5,0.3809348376398,20.0,-25.0
32.5,32.75,0.42595738632597,20.0,-20.0
32.5,33.0,0.50173301869578,17.5,-15.0
32.5,33.25,0.49209530315317,17.5,-12.5
32.5,33.5,0.45840577595125,15.0,-10.0
32.5,33.75,0.31523986180122,15.0,-7.5
32.5,34.0,0.40471818127337,15.0,-5.0
32.5,34.25,0.78837461690644,12.5,-5.0
32.5,34.5,0.43615699984037,12.5,-2.5
32.5,34.75,0.31740776891004,12.5,-2.5
32.5,35.0,0.46246250228615,12.5,-2.5
32.5,35.25,0.61070443096521,12.5,0.0
32.5,35.5,0.50706696216267,12.5,0.0
32.5,35.75,0.52857965914659,15.0,0.0
32.5,36.0,0.26802203495107,15.0,2.5
32.5,36.25,0.66124872920311,15.0,2.5
32.5,36.5,0.57176354428757,17.5,5.0
32.5,36.75,0.64400457694042,17.5,10.0
32.5,37.0,0.039337359493017,20.0,12.5
32.5,37.25,0.48784269392563,22.5,17.5
32.5,37.5,0.36953494049273,25.0,20.0
32.5,37.75,0.6364974878929,27.5,22.5
32.5,38.0,0.37961306374091,27.5,22.5
32.75,31.75,0.53934761848627,22.5,-27.5
32.75,32.0,0.44152380753945,20.0,-30.0
32.75,32.25,0.50124347189639,20.0,-27.5
32.75,32.5,0.080377831188451,17.5,-22.5
32.75,32.75,0.31679192012437,15.0,-17.5
32.75,33.0,0.46296539758543,15.0,-12.5
32.75,33.25,0.46110913496342,12.5,-10.0
32.75,33.5,0.12035779693619,12.5,-7.5
32.75,33.75,0.33130774001317,12.5,-5.0
32.75,34.0,0.80430677276153,10.0,-5.0
32.75,34.25,0.4202838923515,10.0,-2.5
32.75,34.5,0.2692965492356,10.0,-2.5
32.75,34.75,0.40965117537451,10.0,-2.5
32.75,35.0,0.5672695626826,10.0,-2.5
32.75,35.25,0.49098533318991,10.0,0.0
32.75,35.5,0.36225092456728,10.0,0.0
32.75,35.75,0.53117377770316,10.0,0.0
32.75,36.0,0.68667236938316,12.5,2.5
32.75,36.25,0.12019685767307,12.5,2.5
32.75,36.5,0.56171326193744,12.5,5.0
32.75,36.75,0.071594457894069,15.0,7.5
32.75,37.0,0.54901849027713,17.5,10.0
32.75,37.25,0.47342446664009,17.5,15.0
32.75,37.5,0.62952002853341,20.0,20.0
32.75,37.75,0.29278836771938,22.5,22.5
32.75,38.0,0.043845152979943,25.0,25.0
32.75,38.25,0.76823675255965,27.5,22.5
33.0,31.75,0.61628542485346,17.5,-32.5
33.0,32.0,0.16281040016925,17.5,-30.0
33.0,32.25,0.39669492521821,15.0,-25.0
33.0,32.5,0.32866662762794,15.0,-20.0
33.0,32.75,0.27728536526446,12.5,-15.0
33.0,33.0,0.6296883896814,12.5,-12.5
33.0,33.25,0.63951366344195,10.0,-7.5
33.0,33.5,0.45438347955719,10.0,-5.0
33.0,33.75,0.49818456395423,10.0,-5.0
33.0,34.0,0.44698360562377,10.0,-2.5
33.0,34.25,0.61512043670756,7.5,-2.5
33.0,34.5,0.62008346994438,7.5,-2.5
33.0,34.75,0.6923657678869,7.5,-2.5
33.0,35.0,0.59217776738556,7.5,0.0
33.0,35.25,0.5604706506534,7.5,0.0
33.0,35.5,0.53347699747072,7.5,0.0
33.0,35.75,0.54660415952514,10.0,0.0
33.0,36.0,0.47625973438351,10.0,0.0
33.0,36.25,0.26053475885053,10.0,2.5
33.0,36.5,0.79894413934197,12.5,5.0
33.0,36.75,0.54710865956189,12.5,5.0
33.0,37.0,0.69579384364105,15.0,10.0
33.0,37.25,0.28318285905059,15.0,12.5
33.0,37.5,0.13701607368495,17.5,17.5
33.0,37.75,0.38150599301553,20.0,22.5
33.0,38.0,0.38968964368381,22.5,25.0
33.0,38.25,0.60619428656375,22.5,25.0
33.25,31.5,0.33391633802195,17.5,-30.0
33.25,31.75,0.42060125892957,15.0,-32.5
33.25,32.0,0.46287301737533,15.0,-27.5
33.25,32.25,0.18328350098633,12.5,-22.5
33.25,32.5,0.51110800410382,12.5,-17.5
33.25,32.75,0.35194365351159,10.0,-12.5
33.25,33.0,0.2693762770762,10.0,-10.0
33.25,33.25,0.58296939284416,10.0,-7.5
33.25,33.5,0.48811780298707,7.5,-5.0
33.25,33.75,0.23577533277697,7.5,-2.5
33.25,34.0,0.32503146799095,7.5,-2.5
33.25,34.25,0.67348218078189,7.5,-2.5
33.25,34.5,0.69142768958523,7.5,0.0
33.25,34.75,0.69923678150012,7.5,0.0
33.25,35.0,0.70221728206755,5.0,0.0
33.25,35.25,0.67657499533434,7.5,0.0
33.25,35.5,0.57136936660379,7.5,0.0
33.25,35.75,0.3607731521943,7.5,0.0
33.25,36.0,0.21441830719354,7.5,0.0
33.25,36.25,0.57134621343913,7.5,2.5
33.25,36.5,0.49570522456686,10.0,2.5
33.25,36.75,0.093851403778862,10.0,5.0
33.25,37.0,0.62728036116026,10.0,7.5
33.25,37.25,0.5218122991732,12.5,12.5
33.25,37.5,0.42711755229001,15.0,15.0
33.25,37.75,0.50353057352852,17.5,20.0
33.25,38.0,0.60588732733505,17.5,25.0
33.25,38.25,0.34553407626414,20.0,27.5
33.25,38.5,0.62083589484059,22.5,25.0
33.5,31.5,0.52402996233247,15.0,-32.5
33.5,31.75,0.62845770709549,12.5,-32.5
33.5,32.0,0.65804157526298,12.5,-27.5
33.5,32.25,0.36883528271817,10.0,-20.0
33.5,32.5,0.49455117867976,10.0,-15.0
33.5,32.75,0.65773882280649,7.5,-12.5
33.5,33.0,0.41140311606755,7.5,-7.5
33.5,33.25,0.26506947192667,7.5,-5.0
33.5,33.5,0.59690391806037,7.5,-2.5
33.5,33.75,0.58630426654818,7.5,-2.5
33.5,34.0,0.69335940751377,5.0,-2.5
33.5,34.25,0.46791303545343,5.0,0.0
33.5,34.5,0.35040230789821,5.0,0.0
33.5,34.75,0.32824299113351,5.0,0.0
33.5,35.0,0.35700205236504,5.0,0.0
33.5,35.25,0.41184489192993,5.0,0.0
33.5,35.5,0.4101367293285,5.0,0.0
33.5,35.75,0.39038058701548,5.0,0.0
33.5,36.0,0.44953502354175,5.0,0.0
33.5,36.25,0.60823052596675,7.5,0.0
33.5,36.5,0.065340778162627,7.5,2.5
33.5,36.75,0.51156471212872,7.5,5.0
33.5,37.0,0.38970608120014,10.0,7.5
33.5,37.25,0.27780736146039,10.0,10.0
33.5,37.5,0.40598272742018,12.5,15.0
33.5,37.75,0.79420954870081,15.0,20.0
33.5,38.0,0.75454266196827,15.0,25.0
33.5,38.25,0.17541872293109,17.5,27.5
33.5,38.5,0.39294402189282,20.0,27.5
33.75,31.25,0.28688495883663,12.5,-27.5
33.75,31.5,0.65171401170431,10.0,-32.5
33.75,31.75,0.11613057684405,10.0,-30.0
33.75,32.0,0.58623040174006,10.0,-25.0
33.75,32.25,0.45927004886007,7.5,-20.0
33.75,32.5,0.33035736677151,7.5,-15.0
33.75,32.75,0.4956431705126,7.5,-10.0
33.75,33.0,0.57026699143845,5.0,-7.5
33.75,33.25,0.36423105406186,5.0,-5.0
33.75,33.5,0.21609278922664,5.0,-2.5
33.75,33.75,0.49169537251425,5.0,-2.5
33.75,34.0,0.45200786323011,5.0,0.0
33.75,34.25,0.40763715079579,5.0,0.0
33.75,34.5,0.43603011009626,5.0,0.0
33.75,34.75,0.48093984936704,5.0,0.0
33.75,35.0,0.55369345402449,5.0,0.0
33.75,35.25,0.59841117099676,5.0,0.0
33.75,35.5,0.6047912814006,5.0,0.0
33.75,35.75,0.53492727673305,5.0,0.0
33.75,36.0,0.28963199626318,5.0,0.0
33.75,36.25,0.20935030775043,5.0,0.0
33.75,36.5,0.49645731631707,5.0,2.5
33.75,36.75,0.7416087321572,7.5,2.5
33.75,37.0,0.54925419114168,7.5,5.0
33.75,37.25,0.51765145107408,7.5,10.0
33.75,37.5,0.34688130940816,10.0,12.5
33.75,37.75,0.56397661039962,10.0,17.5
33.75,38.0,0.30623461753361,12.5,22.5
33.75,38.25,0.27949744501818,15.0,27.5
33.75,38.5,0.75231365661062,17.5,27.5
33.75,38.75,0.37415686210305,17.5,20.0
34.0,31.25,0.28380819040723,10.0,-30.0
34.0,31.5,0.57996872641708,7.5,-32.5
34.0,31.75,0.51446938937668,7.5,-27.5
34.0,32.0,0.48605881512279,7.5,-22.5
34.0,32.25,0.58387174747437,5.0,-17.5
34.0,32.5,0.52880686008298,5.0,-12.5
34.0,32.75,0.31027455305979,5.0,-10.0
34.0,33.0,0.57616311538021,5.0,-7.5
34.0,33.25,0.58047733601601,5.0,-5.0
34.0,33.5,0.34967147420144,5.0,-2.5
34.0,33.75,0.69523344201462,5.0,0.0
34.0,34.0,0.52379247394618,2.5,0.0
34.0,34.25,0.41734642885103,2.5,0.0
34.0,34.5,0.39710695339552,2.5,0.0
34.0,34.75,0.38931864491867,2.5,0.0
34.0,35.0,0.43460529329497,2.5,0.0
34.0,35.25,0.53102057391479,2.5,0.0
34.0,35.5,0.60216418808752,2.5,0.0
34.0,35.75,0.61507357231244,2.5,0.0
34.0,36.0,0.59172466216003,2.5,0.0
34.0,36.25,0.45555534035701,5.0,0.0
34.0,36.5,0.60827183617696,5.0,2.5
34.0,36.75,0.26658471901574,5.0,2.5
34.0,37.0,0.54592902355153,5.0,5.0
34.0,37.25,0.55355326444286,7.5,7.5
34.0,37.5,0.32890573023826,7.5,12.5
34.0,37.75,0.41965993773785,10.0,17.5
34.0,38.0,0.63570393880868,10.0,22.5
34.0,38.25,0.5160995084552,12.5,27.5
34.0,38.5,0.44619707984339,15.0,30.0
34.0,38.75,0.21486248536661,15.0,25.0
34.25,31.25,0.66158710066704,7.5,-30.0
34.25,31.5,0.46032798758087,5.0,-32.5
34.25,31.75,0.026900104951968,5.0,-27.5
34.25,32.0,0.16802438433077,5.0,-22.5
34.25,32.25,0.33621576588114,5.0,-17.5
34.25,32.5,0.41101790541257,5.0,-12.5
34.25,32.75,0.79580034344948,5.0,-7.5
34.25,33.0,0.66901473241992,2.5,-5.0
34.25,33.25,0.61524569266984,2.5,-2.5
34.25,33.5,0.55339520162136,2.5,-2.5
34.25,33.75,0.41143043279112,2.5,0.0
34.25,34.0,0.1520518403837,2.5,0.0
34.25,34.25,0.12945666517486,2.5,0.0
34.25,34.5,0.090956296265966,2.5,0.0
34.25,34.75,0.087327044165261,2.5,0.0
34.25,35.0,0.24369268826829,2.5,0.0
34.25,35.25,0.41238768352403,2.5,0.0
34.25,35.5,0.52449802844863,2.5,0.0
34.25,35.75,0.55494264676312,2.5,0.0
34.25,36.0,0.44570267485176,2.5,0.0
34.25,36.25,0.35424593054258,2.5,0.0
34.25,36.5,0.71410696189784,2.5,0.0
34.25,36.75,0.43888055527756,5.0,2.5
34.25,37.0,0.11306640748357,5.0,5.0
34.25,37.25,0.29621279301555,5.0,7.5
34.25,37.5,0.60639902903318,7.5,12.5
34.25,37.75,0.51375661471341,7.5,15.0
34.25,38.0,0.69744551802681,10.0,20.0
34.25,38.25,0.38146303580157,10.0,25.0
34.25,38.5,0.61264666454297,12.5,30.0
34.25,38.75,0.45003292512496,12.5,27.5
34.5,31.25,0.6504038642598,5.0,-32.5
34.5,31.5,0.62232296422758,2.5,-32.5
34.5,31.75,0.35633890224099,2.5,-27.5
34.5,32.0,0.46581920243622,2.5,-22.5
34.5,32.25,0.51202470175229,2.5,-17.5
34.5,32.5,0.29964356598924,2.5,-12.5
34.5,32.75,0.41490133102301,2.5,-7.5
34.5,33.0,0.25523150304867,2.5,-5.0
34.5,33.25,0.30236598369399,2.5,-2.5
34.5,33.5,0.50715091874711,2.5,-2.5
34.5,33.75,0.21338301135269,2.5,0.0
34.5,34.0,0.06677916290029,2.5,0.0
34.5,34.25,0.1701448384733,2.5,0.0
34.5,34.5,0.099991756947485,2.5,0.0
34.5,34.75,0.080747049090638,2.5,0.0
34.5,35.0,0.25321507665759,2.5,0.0
34.5,35.25,0.44147148691305,2.5,0.0
34.5,35.5,0.57512267442155,2.5,0.0
34.5,35.75,0.58544055641946,2.5,-2.5
34.5,36.0,0.52539721912224,2.5,0.0
34.5,36.25,0.28980288247544,2.5,0.0
34.5,36.5,0.39788538079707,2.5,0.0
34.5,36.75,0.43971545255594,2.5,2.5
34.5,37.0,0.56666689293704,5.0,5.0
34.5,37.25,0.24655258679711,5.0,7.5
34.5,37.5,0.56403765629438,5.0,10.0
34.5,37.75,0.64244246584512,7.5,15.0
34.5,38.0,0.26592649532883,7.5,20.0
34.5,38.25,0.41016904764137,7.5,25.0
34.5,38.5,0.41596071914682,10.0,30.0
34.5,38.75,0.64568018605881,10.0,27.5
34.75,31.25,0.83791009151393,0.0,-32.5
34.75,31.5,0.66560448104612,0.0,-30.0
34.75,31.75,0.6450643998687,0.0,-27.5
34.75,32.0,0.82026569075056,2.5,-22.5
34.75,32.25,0.73992795591483,2.5,-15.0
34.75,32.5,0.50714090485121,2.5,-12.5
34.75,32.75,0.41029080397881,2.5,-7.5
34.75,33.0,0.23029240891981,2.5,-5.0
34.75,33.25,0.28916402755005,2.5,-2.5
34.75,33.5,0.5569865493094,2.5,-2.5
34.75,33.75,0.19409839806356,2.5,0.0
34.75,34.0,0.22859423935178,2.5,0.0
34.75,34.25,0.30672155466502,2.5,0.0
34.75,34.5,0.23298619234682,2.5,0.0
34.75,34.75,0.21138771132068,2.5,0.0
34.75,35.0,0.3298593171486,2.5,0.0
34.75,35.25,0.50357657669223,2.5,0.0
34.75,35.5,0.64307758965958,2.5,0.0
34.75,35.75,0.61621627521008,2.5,-2.5
34.75,36.0,0.62521532826012,2.5,0.0
34.75,36.25,0.35619378007128,2.5,0.0
34.75,36.5,0.18192580467715,2.5,0.0
34.75,36.75,0.26541705882817,2.5,2.5
34.75,37.0,0.46716620456975,2.5,5.0
34.75,37.25,0.48456960082741,2.5,7.5
34.75,37.5,0.5898769753981,5.0,10.0
34.75,37.75,0.14278278376449,5.0,15.0
34.75,38.0,0.2612880554703,5.0,20.0
34.75,38.25,0.53937934993552,5.0,25.0
34.75,38.5,0.40445895089971,7.5,30.0
34.75,38.75,0.53764657647293,7.5,30.0
35.0,31.0,0.49022347742662,0.0,-20.0
35.0,31.25,0.77288534637117,-2.5,-32.5
35.0,31.5,0.68164456814119,-2.5,-30.0
35.0,31.75,0.77094615047009,0.0,-27.5
35.0,32.0,0.59490083492129,0.0,-20.0
35.0,32.25,0.5318538647178,0.0,-15.0
35.0,32.5,0.47611845943007,0.0,-12.5
35.0,32.75,0.48782212751105,0.0,-7.5
35.0,33.0,0.57733769550015,2.5,-5.0
35.0,33.25,0.52798240237124,2.5,-2.5
35.0,33.5,0.66332220342007,2.5,-2.5
35.0,33.75,0.34343478908508,2.5,0.0
35.0,34.0,0.36271965262136,2.5,0.0
35.0,34.25,0.40993284329371,2.5,0.0
35.0,34.5,0.33673063808728,2.5,0.0
35.0,34.75,0.31952560511995,2.5,0.0
35.0,35.0,0.41207601114641,2.5,0.0
35.0,35.25,0.56819459133304,2.5,0.0
35.0,35.5,0.70028708869968,2.5,-2.5
35.0,35.75,0.66375378607327,2.5,-2.5
35.0,36.0,0.7058758736978,2.5,-2.5
35.0,36.25,0.48617892235098,2.5,0.0
35.0,36.5,0.26410216307217,2.5,0.0
35.0,36.75,0.39570947124957,2.5,2.5
35.0,37.0,0.46558716262451,2.5,5.0
35.0,37.25,0.28065962333726,2.5,7.5
35.0,37.5,0.36086758406163,2.5,10.0
35.0,37.75,0.42108667410952,2.5,15.0
35.0,38.0,0.50266024296069,5.0,20.0
35.0,38.25,0.35908824289087,5.0,25.0
35.0,38.5,0.22380078604043,5.0,30.0
35.0,38.75,0.2677603514928,5.0,30.0
35.0,39.0,0.38186094525236,2.5,17.5
35.25,31.25,0.64933873142166,-5.0,-30.0
35.25,31.5,0.62062532580197,-2.5,-30.0
35.25,31.75,0.54869309003084,-2.5,-27.5
35.25,32.0,0.62845758696197,-2.5,-22.5
35.25,32.25,0.78349764004372,0.0,-17.5
35.25,32.5,0.35026868345278,0.0,-12.5
35.25,32.75,0.30976524791668,0.0,-7.5
35.25,33.0,0.29204875264078,0.0,-5.0
35.25,33.25,0.45445347918307,0.0,-2.5
35.25,33.5,0.76604713764385,2.5,-2.5
35.25,33.75,0.54638680027604,2.5,0.0
35.25,34.0,0.5196615979081,2.5,0.0
35.25,34.25,0.53715952489255,2.5,0.0
35.25,34.5,0.45267343125821,2.5,0.0
35.25,34.75,0.42791869237923,2.5,0.0
35.25,35.0,0.49750714108705,2.5,0.0
35.25,35.25,0.63804388887996,2.5,0.0
35.25,35.5,0.76445102081693,2.5,0.0
35.25,35.75,0.78257171154262,2.5,-2.5
35.25,36.0,0.79870230477272,2.5,0.0
35.25,36.25,0.61129617238191,2.5,0.0
35.25,36.5,0.47569395499197,2.5,0.0
35.25,36.75,0.59206255358132,2.5,2.5
35.25,37.0,0.59636279426956,2.5,5.0
35.25,37.25,0.46390364693336,2.5,7.5
35.25,37.5,0.4281495333678,2.5,10.0
35.25,37.75,0.14322857609935,2.5,15.0
35.25,38.0,0.082697657704967,2.5,20.0
35.25,38.25,0.16388916378858,2.5,25.0
35.25,38.5,0.1324041021903,2.5,30.0
35.25,38.75,0.19407720003729,2.5,30.0
35.5,31.25,0.52645768061714,-7.5,-30.0
35.5,31.5,0.6389752641962,-5.0,-30.0
35.5,31.75,0.34611604713925,-5.0,-27.5
35.5,32.0,0.62777712458414,-2.5,-22.5
35.5,32.25,0.40620230974934,-2.5,-17.5
35.5,32.5,0.46624772831516,-2.5,-12.5
35.5,32.75,0.63645693446909,0.0,-7.5
35.5,33.0,0.27189471657016,0.0,-5.0
35.5,33.25,0.35076703609417,0.0,-2.5
35.5,33.5,0.54193989893328,0.0,-2.5
35.5,33.75,0.48685268080893,0.0,0.0
35.5,34.0,0.46723785510153,0.0,0.0
35.5,34.25,0.52881959838776,0.0,0.0
35.5,34.5,0.59733069090194,2.5,0.0
35.5,34.75,0.58582452166243,2.5,0.0
35.5,35.0,0.596598519379,2.5,0.0
35.5,35.25,0.6999073962025,0.0,0.0
35.5,35.5,0.77225151288763,0.0,0.0
35.5,35.75,0.73835176486765,0.0,-2.5
35.5,36.0,0.6814680196751,0.0,0.0
35.5,36.25,0.53027333208303,0.0,0.0
35.5,36.5,0.53325899284226,0.0,0.0
35.5,36.75,0.40960188082925,0.0,2.5
35.5,37.0,0.51477806811401,0.0,5.0
35.5,37.25,0.38043041998457,0.0,7.5
35.5,37.5,0.65956310719289,0.0,10.0
35.5,37.75,0.50184500794032,0.0,15.0
35.5,38.0,0.55872440519342,0.0,20.0
35.5,38.25,0.54619910024895,0.0,25.0
35.5,38.5,0.32982536089568,0.0,30.0
35.5,38.75,0.34487059667728,0.0,30.0
35.75,31.25,0.59251791101891,-10.0,-27.5
35.75,31.5,0.5777553624413,-7.5,-30.0
35.75,31.75,0.25703679825871,-7.5,-27.5
35.75,32.0,0.26817970264964,-5.0,-22.5
35.75,32.25,0.46044585101504,-5.0,-17.5
35.75,32.5,0.20104940101687,-2.5,-12.5
35.75,32.75,0.55848721701625,-2.5,-10.0
35.75,33.0,0.70962102963263,0.0,-5.0
35.75,33.25,0.60063161395776,0.0,-2.5
35.75,33.5,0.28105888041524,0.0,-2.5
35.75,33.75,0.35298649746765,0.0,0.0
35.75,34.0,0.20843620813974,0.0,0.0
35.75,34.25,0.28412247844893,0.0,0.0
35.75,34.5,0.39078398035718,0.0,0.0
35.75,34.75,0.40403973471955,0.0,0.0
35.75,35.0,0.48495324434325,0.0,0.0
35.75,35.25,0.52266112744501,0.0,0.0
35.75,35.5,0.58621227724585,0.0,0.0
35.75,35.75,0.56351690456853,0.0,0.0
35.75,36.0,0.44737465450836,0.0,0.0
35.75,36.25,0.20996424208595,0.0,0.0
35.75,36.5,0.43105051038129,0.0,0.0
35.75,36.75,0.026559283188179,0.0,2.5
35.75,37.0,0.1205740721019,0.0,5.0
35.75,37.25,0.17218289109172,0.0,7.5
35.75,37.5,0.46997156374593,0.0,12.5
35.75,37.75,0.56662708717856,0.0,15.0
35.75,38.0,0.67841413593362,0.0,20.0
35.75,38.25,0.72825709110672,-2.5,27.5
35.75,38.5,0.49291361940963,-2.5,30.0
35.75,38.75,0.43697131628649,-2.5,30.0
36.0,31.25,0.31127890900181,-12.5,-27.5
36.0,31.5,0.70429030814682,-10.0,-30.0
36.0,31.75,0.16835976839745,-10.0,-27.5
36.0,32.0,0.17679703552842,-7.5,-22.5
36.0,32.25,0.50013780685144,-5.0,-17.5
36.0,32.5,0.52434282407758,-5.0,-12.5
36.0,32.75,0.48211270506879,-2.5,-10.0
36.0,33.0,0.52005399965853,-2.5,-7.5
36.0,33.25,0.63726299574041,-2.5,-5.0
36.0,33.5,0.41764921257577,0.0,-2.5
36.0,33.75,0.53430077800888,0.0,0.0
36.0,34.0,0.17542649995913,0.0,0.0
36.0,34.25,0.04465292128196,0.0,0.0
36.0,34.5,0.13681730082113,0.0,0.0
36.0,34.75,0.15807534488428,0.0,0.0
36.0,35.0,0.25687870460926,0.0,0.0
36.0,35.25,0.32829540668704,0.0,0.0
36.0,35.5,0.39623435863385,0.0,0.0
36.0,35.75,0.39932997316491,0.0,0.0
36.0,36.0,0.27826732065225,0.0,0.0
36.0,36.25,0.19474478757173,0.0,0.0
36.0,36.5,0.62345087339997,0.0,2.5
36.0,36.75,0.46390782122701,0.0,2.5
36.0,37.0,0.50727074127133,0.0,5.0
36.0,37.25,0.6469020836268,-2.5,7.5
36.0,37.5,0.40273037489151,-2.5,12.5
36.0,37.75,0.28297154357527,-2.5,17.5
36.0,38.0,0.15455628413443,-2.5,22.5
36.0,38.25,0.55325006359878,-2.5,27.5
36.0,38.5,0.3766033544029,-5.0,32.5
36.0,38.75,0.50003239943766,-7.5,30.0
36.25,31.25,0.59583064159471,-17.5,-22.5
36.25,31.5,0.45933100770009,-15.0,-30.0
36.25,31.75,0.30230268389495,-12.5,-27.5
36.25,32.0,0.53243079664427,-10.0,-22.5
36.25,32.25,0.65137359639528,-7.5,-17.5
36.25,32.5,0.71076524281474,-5.0,-15.0
36.25,32.75,0.1242939545023,-5.0,-10.0
36.25,33.0,0.52742544311259,-2.5,-7.5
36.25,33.25,0.22132525980173,-2.5,-5.0
36.25,33.5,0.37434680164446,-2.5,-2.5
36.25,33.75,0.75830175246406,-2.5,-2.5
36.25,34.0,0.5078527553148,0.0,0.0
36.25,34.25,0.3034592554585,0.0,0.0
36.25,34.5,0.11645536771864,0.0,0.0
36.25,34.75,0.091560236660363,0.0,0.0
36.25,35.0,0.13183460459103,0.0,0.0
36.25,35.25,0.23775938858593,0.0,0.0
36.25,35.5,0.29663940610915,0.0,0.0
36.25,35.75,0.3902136348785,0.0,0.0
36.25,36.0,0.41021376288294,0.0,0.0
36.25,36.25,0.64080200767896,0.0,0.0
36.25,36.5,0.64849813033735,-2.5,2.5
36.25,36.75,0.65329079958255,-2.5,2.5
36.25,37.0,0.5823077318349,-2.5,5.0
36.25,37.25,0.35950668182867,-2.5,10.0
36.25,37.5,0.58333642096143,-2.5,12.5
36.25,37.75,0.40191320007333,-5.0,17.5
36.25,38.0,0.49544718706555,-5.0,22.5
36.25,38.25,0.79232880859427,-5.0,30.0
36.25,38.5,0.049630364124152,-7.5,32.5
36.25,38.75,0.24141832788146,-10.0,27.5
36.5,31.5,0.39112906877701,-17.5,-30.0
36.5,31.75,0.60896058120612,-15.0,-27.5
36.5,32.0,0.27265102097592,-12.5,-25.0
36.5,32.25,0.42200348978662,-10.0,-20.0
36.5,32.5,0.46606362252076,-7.5,-15.0
36.5,32.75,0.63852227517602,-7.5,-10.0
36.5,33.0,0.19259898290191,-5.0,-7.5
36.5,33.25,0.49061139918166,-5.0,-5.0
36.5,33.5,0.42826370813272,-2.5,-2.5
36.5,33.75,0.35427918933501,-2.5,-2.5
36.5,34.0,0.47774157318568,-2.5,0.0
36.5,34.25,0.429809177731,-2.5,0.0
36.5,34.5,0.58503991757266,0.0,0.0
36.5,34.75,0.54726426294609,0.0,0.0
36.5,35.0,0.50390512473426,0.0,0.0
36.5,35.25,0.56326629827116,0.0,0.0
36.5,35.5,0.59754203962572,-2.5,0.0
36.5,35.75,0.41778995525309,-2.5,0.0
36.5,36.0,0.38621186804717,-2.5,0.0
36.5,36.25,0.58828260918139,-2.5,2.5
36.5,36.5,0.11008053021979,-2.5,2.5
36.5,36.75,0.30983612268594,-2.5,5.0
36.5,37.0,0.53073281978213,-2.5,7.5
36.5,37.25,0.35118822611255,-5.0,10.0
36.5,37.5,0.20088578365026,-5.0,15.0
36.5,37.75,0.4244548013948,-7.5,20.0
36.5,38.0,0.17445244597314,-7.5,25.0
36.5,38.25,0.43050079142744,-10.0,30.0
36.5,38.5,0.60784293499278,-10.0,32.5
36.75,31.5,0.68364804899601,-22.5,-25.0
36.75,31.75,0.60197131951322,-20.0,-27.5
36.75,32.0,0.60111084865739,-17.5,-25.0
36.75,32.25,0.71392055466189,-12.5,-20.0
36.75,32.5,0.83391152788779,-10.0,-17.5
36.75,32.75,0.3894413369543,-10.0,-12.5
36.75,33.0,0.59881390875201,-7.5,-7.5
36.75,33.25,0.62064077160512,-5.0,-5.0
36.75,33.5,0.5743603866801,-5.0,-5.0
36.75,33.75,0.42541800516933,-5.0,-2.5
36.75,34.0,0.71441982990554,-2.5,0.0
36.75,34.25,0.36342567671152,-2.5,0.0
36.75,34.5,0.088752325753591,-2.5,0.0
36.75,34.75,0.054422406290587,-2.5,0.0
36.75,35.0,0.058941444901174,-2.5,0.0
36.75,35.25,0.07635965708144,-2.5,0.0
36.75,35.5,0.14349011197264,-2.5,0.0
36.75,35.75,0.38346598454828,-2.5,0.0
36.75,36.0,0.67229465503453,-2.5,0.0
36.75,36.25,0.60116383305149,-5.0,2.5
36.75,36.5,0.7371902597519,-5.0,2.5
36.75,36.75,0.38449739187626,-5.0,5.0
36.75,37.0,0.59134466570147,-5.0,7.5
36.75,37.25,0.36513173590635,-7.5,12.5
36.75,37.5,0.46620474290767,-7.5,17.5
36.75,37.75,0.51623599051908,-10.0,22.5
36.75,38.0,0.34242999850888,-10.0,27.5
36.75,38.25,0.38780743841689,-12.5,32.5
36.75,38.5,0.12671093664587,-15.0,32.5
37.0,31.75,0.233267663695,-22.5,-27.5
37.0,32.0,0.423279850314,-20.0,-27.5
37.0,32.25,0.10613639506592,-17.5,-22.5
37.0,32.5,0.26533295049293,-15.0,-17.5
37.0,32.75,0.45438948074556,-12.5,-12.5
37.0,33.0,0.097955725177827,-10.0,-10.0
37.0,33.25,0.5825165840646,-7.5,-7.5
37.0,33.5,0.35192126078579,-7.5,-5.0
37.0,33.75,0.59442432981926,-7.5,-2.5
37.0,34.0,0.52787962760754,-5.0,-2.5
37.0,34.25,0.28764681590054,-5.0,0.0
37.0,34.5,0.27161067779762,-5.0,0.0
37.0,34.75,0.33586307411325,-5.0,0.0
37.0,35.0,0.42984655108397,-5.0,0.0
37.0,35.25,0.41674191435578,-5.0,0.0
37.0,35.5,0.4834745152706,-5.0,0.0
37.0,35.75,0.59972404714226,-5.0,2.5
37.0,36.0,0.23338839237904,-5.0,2.5
37.0,36.25,0.48671911810755,-5.0,2.5
37.0,36.5,0.54292986053997,-5.0,5.0
37.0,36.75,0.20495828254623,-7.5,7.5
37.0,37.0,0.31960504627961,-7.5,10.0
37.0,37.25,0.49103019149494,-10.0,15.0
37.0,37.5,0.64676284463268,-10.0,20.0
37.0,37.75,0.36118987290926,-12.5,25.0
37.0,38.0,0.46069953845394,-15.0,30.0
37.0,38.25,0.46488967321982,-17.5,32.5
37.25,31.75,0.59366837538877,-27.5,-25.0
37.25,32.0,0.48814227669197,-25.0,-27.5
37.25,32.25,0.62581493471579,-22.5,-22.5
37.25,32.5,0.57588295820806,-17.5,-20.0
37.25,32.75,0.50347486140573,-15.0,-15.0
37.25,33.0,0.65996040279968,-12.5,-10.0
37.25,33.25,0.38264122478077,-12.5,-7.5
37.25,33.5,0.12257902032861,-10.0,-5.0
37.25,33.75,0.5935894840911,-10.0,-2.5
37.25,34.0,0.36617898319067,-7.5,-2.5
37.25,34.25,0.38097102363782,-7.5,0.0
37.25,34.5,0.36394714471565,-7.5,0.0
37.25,34.75,0.45843522469182,-7.5,0.0
37.25,35.0,0.60957766227816,-7.5,0.0
37.25,35.25,0.66546918643197,-7.5,0.0
37.25,35.5,0.63221054409899,-7.5,2.5
37.25,35.75,0.24249346834067,-7.5,2.5
37.25,36.0,0.28198615260917,-7.5,2.5
37.25,36.25,0.48525749563229,-7.5,5.0
37.25,36.5,0.72916080038273,-10.0,7.5
37.25,36.75,0.49545525409483,-10.0,10.0
37.25,37.0,0.56585757527157,-10.0,12.5
37.25,37.25,0.50943014523808,-12.5,17.5
37.25,37.5,0.58870056089207,-15.0,22.5
37.25,37.75,0.64397241126083,-17.5,27.5
37.25,38.0,0.67339969126829,-17.5,32.5
37.25,38.25,0.60340612872609,-20.0,32.5
37.5,32.0,0.38333072303177,-30.0,-25.0
37.5,32.25,0.52711858343432,-27.5,-25.0
37.5,32.5,0.60266685416761,-22.5,-20.0
37.5,32.75,0.41818059776332,-20.0,-17.5
37.5,33.0,0.061394526033609,-17.5,-12.5
37.5,33.25,0.53863769338612,-15.0,-10.0
37.5,33.5,0.8042933184673,-12.5,-7.5
37.5,33.75,0.47836398784751,-12.5,-5.0
37.5,34.0,0.5073542730932,-10.0,-2.5
37.5,34.25,0.5541851473015,-10.0,0.0
37.5,34.5,0.1583302843976,-10.0,0.0
37.5,34.75,0.33529166433926,-10.0,0.0
37.5,35.0,0.60880108756515,-10.0,0.0
37.5,35.25,0.48363394898424,-10.0,2.5
37.5,35.5,0.24123592211793,-10.0,2.5
37.5,35.75,0.30760795478871,-10.0,2.5
37.5,36.0,0.39006286263435,-10.0,5.0
37.5,36.25,0.66380742285759,-12.5,5.0
37.5,36.5,0.36623500492274,-12.5,7.5
37.5,36.75,0.80356114366628,-12.5,10.0
37.5,37.0,0.058253144440136,-15.0,15.0
37.5,37.25,0.47599906545589,-17.5,20.0
37.5,37.5,0.48442283760127,-17.5,25.0
37.5,37.75,0.41949568616949,-20.0,30.0
37.5,38.0,0.20189190877045,-22.5,32.5
37.75,32.25,0.6530911526878,-32.5,-22.5
37.75,32.5,0.58834907620508,-27.5,-22.5
37.75,32.75,0.62974682751592,-25.0,-17.5
37.75,33.0,0.26667123903403,-22.5,-15.0
37.75,33.25,0.39090788938661,-20.0,-10.0
37.75,33.5,0.37584937330605,-17.5,-7.5
37.75,33.75,0.31610934815157,-17.5,-5.0
37.75,34.0,0.26266548381356,-15.0,-2.5
37.75,34.25,0.5841998354076,-15.0,-2.5
37.75,34.5,0.49316018232149,-12.5,0.0
37.75,34.75,0.50165177178474,-12.5,0.0
37.75,35.0,0.54267208379375,-12.5,2.5
37.75,35.25,0.33406350650847,-12.5,2.5
37.75,35.5,0.48107470961521,-12.5,2.5
37.75,35.75,0.60902666348369,-15.0,5.0
37.75,36.0,0.50427665556934,-15.0,5.0
37.75,36.25,0.37583601195639,-15.0,7.5
37.75,36.5,0.45897414455977,-17.5,10.0
37.75,36.75,0.6507392035287,-17.5,15.0
37.75,37.0,0.27507007775172,-20.0,17.5
37.75,37.25,0.4458880567028,-22.5,22.5
37.75,37.5,0.46862484910826,-22.5,27.5
37.75,37.75,0.36613333992014,-25.0,30.0
38.0,32.5,0.35508189125597,-35.0,-22.5
38.0,32.75,0.381462528989,-32.5,-20.0
38.0,33.0,0.63040532601565,-27.5,-17.5
38.0,33.25,0.54479530933293,-25.0,-12.5
38.0,33.5,0.61961616930612,-22.5,-10.0
38.0,33.75,0.62508721913469,-22.5,-7.5
38.0,34.0,0.50635270132809,-20.0,-5.0
38.0,34.25,0.39939431126505,-20.0,-2.5
38.0,34.5,0.45462708390898,-17.5,0.0
38.0,34.75,0.47677360587774,-17.5,0.0
38.0,35.0,0.27596091392485,-17.5,2.5
38.0,35.25,0.31919062493307,-17.5,2.5
38.0,35.5,0.38292881162618,-17.5,5.0
38.0,35.75,0.66790367032511,-17.5,5.0
38.0,36.0,0.39447959752858,-20.0,7.5
38.0,36.25,0.24536706313322,-20.0,10.0
38.0,36.5,0.56494471764984,-22.5,12.5
38.0,36.75,0.4958804795586,-22.5,17.5
38.0,37.0,0.43372966046259,-25.0,20.0
38.0,37.25,0.30309698191183,-27.5,25.0
38.0,37.5,0.68344664747711,-27.5,27.5
38.25,32.75,0.28876838896048,-37.5,-20.0
38.25,33.0,0.29547157760632,-35.0,-17.5
38.25,33.25,0.29247179630545,-32.5,-15.0
38.25,33.5,0.57589801154578,-30.0,-12.5
38.25,33.75,0.53948508648173,-27.5,-7.5
38.25,34.0,0.41288992246434,-27.5,-5.0
38.25,34.25,0.3446997096696,-25.0,-2.5
38.25,34.5,0.48121902117137,-25.0,0.0
38.25,34.75,0.55982989871562,-25.0,0.0
38.25,35.0,0.56747716637263,-25.0,2.5
38.25,35.25,0.72542592935443,-25.0,5.0
38.25,35.5,0.56113355824165,-25.0,5.0
38.25,35.75,0.13462858589664,-25.0,7.5
38.25,36.0,0.19878397518463,-25.0,10.0
38.25,36.25,0.45745358851563,-27.5,12.5
38.25,36.5,0.37021251072118,-27.5,15.0
38.25,36.75,0.46396452027639,-30.0,20.0
38.25,37.0,0.51930284225503,-30.0,22.5
38.25,37.25,0.30199954744118,-32.5,25.0
38.5,33.25,0.27755031296319,-40.0,-15.0
38.5,33.5,0.23798488838839,-37.5,-12.5
38.5,33.75,0.28804533584531,-35.0,-10.0
38.5,34.0,0.6282556903853,-32.5,-7.5
38.5,34.25,0.43728843524811,-32.5,-5.0
38.5,34.5,0.56549521844418,-32.5,-2.5
38.5,34.75,0.62969147331808,-30.0,0.0
38.5,35.0,0.3601111318572,-30.0,2.5
38.5,35.25,0.46633002392341,-30.0,5.0
38.5,35.5,0.57600801302809,-30.0,7.5
38.5,35.75,0.69242887685749,-32.5,10.0
38.5,36.0,0.57783213768772,-32.5,12.5
38.5,36.25,0.47797253164884,-32.5,15.0
38.5,36.5,0.31470617818325,-35.0,17.5
38.5,36.75,0.22509571980926,-35.0,20.0
38.75,33.75,0.15246347613834,-42.5,-10.0
38.75,34.0,0.38873254358253,-42.5,-7.5
38.75,34.25,0.46895246451799,-40.0,-5.0
38.75,34.5,0.16911892997131,-40.0,-2.5
38.75,34.75,0.31512391882603,-40.0,0.0
38.75,35.0,0.51138242066395,-40.0,2.5
38.75,35.25,0.56211695229715,-40.0,5.0
38.75,35.5,0.64944339037915,-40.0,7.5
38.75,35.75,0.51548153593084,-40.0,10.0
38.75,36.0,0.44919354663514,-40.0,12.5
38.75,36.25,0.57012266140673,-40.0,15.0
39.0,35.0,0.57719219608923,-45.0,2.5
