Ypos,Zpos,Scan_min,Ext_y_min,Ext_z_min
31.0,35.0,0.14229345134087,170.0,20.0
31.25,33.75,0.46660899689156,180.0,-30.0
31.25,34.0,0.43118163875503,180.0,-20.0
31.25,34.25,0.10063700555369,190.0,-10.0
31.25,34.5,0.21776181150561,190.0,0.0
31.25,34.75,0.29819182058374,190.0,10.0
31.25,35.0,0.36691325909284,190.0,20.0
31.25,35.25,0.32212634803688,190.0,30.0
31.25,35.5,0.26955165623742,190.0,40.0
31.25,35.75,0.20071089648307,190.0,50.0
31.25,36.0,0.43994742314204,180.0,60.0
31.25,36.25,0.38850498147467,180.0,70.0
31.5,33.25,0.22169484632324,180.0,-50.0
31.5,33.5,0.19646629189799,190.0,-40.0
31.5,33.75,0.2683681437431,190.0,-30.0
31.5,34.0,0.30580429315016,200.0,-20.0
31.5,34.25,0.22451119885996,200.0,-10.0
31.5,34.5,0.10824562189208,200.0,0.0
31.5,34.75,0.090544453813917,200.0,10.0
31.5,35.0,0.11013581841083,200.0,20.0
31.5,35.25,0.1880953123704,200.0,30.0
31.5,35.5,0.24781816025722,200.0,40.0
31.5,35.75,0.38224757798863,200.0,50.0
31.5,36.0,0.41360369283365,190.0,60.0
31.5,36.25,0.1904762982516,190.0,70.0
31.5,36.5,0.26762395049019,190.0,80.0
31.5,36.75,0.27543766786121,180.0,80.0
31.75,32.75,0.21599110476198,170.0,-60.0
31.75,33.0,0.1062350518092,180.0,-60.0
31.75,33.25,0.32810496656214,190.0,-50.0
31.75,33.5,0.24903031863225,190.0,-50.0
31.75,33.75,0.27142215211783,190.0,-40.0
31.75,34.0,0.29843779783679,190.0,-30.0
31.75,34.25,0.27937207917239,190.0,-10.0
31.75,34.5,0.21646909192251,190.0,0.0
31.75,34.75,0.14095637062268,190.0,10.0
31.75,35.0,0.076850630827137,190.0,20.0
31.75,35.25,0.043708225909428,190.0,30.0
31.75,35.5,0.088551910129843,190.0,40.0
31.75,35.75,0.16707614848461,190.0,50.0
31.75,36.0,0.21327575822404,190.0,60.0
31.75,36.25,0.26033384207657,190.0,70.0
31.75,36.5,0.29398965337036,190.0,80.0
31.75,36.75,0.26663187343315,180.0,90.0
31.75,37.0,0.28903960617428,180.0,90.0
31.75,37.25,0.28112481642156,170.0,90.0
32.0,32.5,0.20599333119131,170.0,-70.0
32.0,32.75,0.18897039620576,180.0,-70.0
32.0,33.0,0.29464109281346,180.0,-70.0
32.0,33.25,0.24656277515809,180.0,-60.0
32.0,33.5,0.23353777700589,180.0,-50.0
32.0,33.75,0.16792152641174,180.0,-40.0
32.0,34.0,0.17155086946701,180.0,-30.0
32.0,34.25,0.19817090498041,180.0,-20.0
32.0,34.5,0.25959559558474,180.0,-10.0
32.0,34.75,0.2671223902915,180.0,10.0
32.0,35.0,0.25205105673336,180.0,20.0
32.0,35.25,0.22789745068518,180.0,30.0
32.0,35.5,0.22792110810458,180.0,40.0
32.0,35.75,0.24758796828611,180.0,50.0
32.0,36.0,0.25884801765671,180.0,60.0
32.0,36.25,0.30138172512194,180.0,70.0
32.0,36.5,0.28231437359939,180.0,80.0
32.0,36.75,0.29070593822653,180.0,90.0
32.0,37.0,0.27841595783245,180.0,100.0
32.0,37.25,0.25950209584533,170.0,100.0
32.0,37.5,0.32014344585161,170.0,100.0
32.25,32.25,0.20838288928177,160.0,-80.0
32.25,32.5,0.18768287856459,170.0,-80.0
32.25,32.75,0.26268244293841,170.0,-80.0
32.25,33.0,0.20766003161061,170.0,-70.0
32.25,33.25,0.12505048173692,170.0,-60.0
32.25,33.5,0.026179200023532,170.0,-50.0
32.25,33.75,0.12090140835176,170.0,-40.0
32.25,34.0,0.19976393315297,170.0,-30.0
32.25,34.25,0.30902256621001,170.0,-20.0
32.25,34.5,0.25930050596577,160.0,-10.0
32.25,34.75,0.24995452813732,160.0,0.0
32.25,35.0,0.28693059065382,160.0,10.0
32.25,35.25,0.21547720863582,160.0,30.0
32.25,35.5,0.14482165496715,160.0,40.0
32.25,35.75,0.076026571352437,160.0,50.0
32.25,36.0,0.027700428307045,160.0,60.0
32.25,36.25,0.014721203650206,160.0,70.0
32.25,36.5,0.079520767930409,160.0,80.0
32.25,36.75,0.13369472596952,160.0,90.0
32.25,37.0,0.2006541600818,160.0,100.0
32.25,37.25,0.33557736658777,160.0,110.0
32.25,37.5,0.20523627894187,160.0,110.0
32.25,37.75,0.3457055845221,160.0,110.0
32.5,32.0,0.34207620726457,160.0,-90.0
32.5,32.25,0.14944849973702,160.0,-90.0
32.5,32.5,0.25765699904805,160.0,-90.0
32.5,32.75,0.15789248763966,160.0,-80.0
32.5,33.0,0.13571077747955,160.0,-70.0
32.5,33.25,0.22600323147617,160.0,-60.0
32.5,33.5,0.31778490413219,150.0,-50.0
32.5,33.75,0.18642267512044,150.0,-40.0
32.5,34.0,0.077938755512864,150.0,-30.0
32.5,34.25,0.093248523739439,150.0,-20.0
32.5,34.5,0.19072016092334,150.0,-10.0
32.5,34.75,0.2904058224265,150.0,0.0
32.5,35.0,0.28439519717893,140.0,10.0
32.5,35.25,0.32279301187396,140.0,20.0
32.5,35.5,0.28680169092548,140.0,40.0
32.5,35.75,0.22523777008943,140.0,50.0
32.5,36.0,0.20444400740229,140.0,60.0
32.5,36.25,0.21009680117801,140.0,70.0
32.5,36.5,0.26884266021316,140.0,80.0
32.5,36.75,0.2424706287596,150.0,90.0
32.5,37.0,0.14138784326689,150.0,100.0
32.5,37.25,0.1629758193447,150.0,110.0
32.5,37.5,0.19342813861679,150.0,110.0
32.5,37.75,0.26389409499413,150.0,110.0
32.5,38.0,0.24483672590163,150.0,110.0
32.75,31.75,0.20315317237979,140.0,-90.0
32.75,32.0,0.1607135958515,150.0,-100.0
32.75,32.25,0.25669498787383,150.0,-100.0
32.75,32.5,0.078587204604519,150.0,-90.0
32.75,32.75,0.27767514521682,150.0,-80.0
32.75,33.0,0.34448423946581,140.0,-70.0
32.75,33.25,0.28146803472497,140.0,-60.0
32.75,33.5,0.28795678107758,140.0,-50.0
32.75,33.75,0.3493914937724,140.0,-40.0
32.75,34.0,0.25984303293105,130.0,-30.0
32.75,34.25,0.15227284436682,130.0,-20.0
32.75,34.5,0.057021720803905,130.0,-10.0
32.75,34.75,0.080665805116614,130.0,0.0
32.75,35.0,0.17900377407308,130.0,10.0
32.75,35.25,0.25739878888436,130.0,20.0
32.75,35.5,0.33433367871667,130.0,30.0
32.75,35.75,0.33220449474981,130.0,50.0
32.75,36.0,0.2909249269428,130.0,60.0
32.75,36.25,0.24929093492207,130.0,70.0
32.75,36.5,0.18326908717796,130.0,80.0
32.75,36.75,0.11837248157482,130.0,90.0
32.75,37.0,0.090917557998087,130.0,100.0
32.75,37.25,0.22270659106681,130.0,110.0
32.75,37.5,0.37245130460781,140.0,110.0
32.75,37.75,0.18216886698931,140.0,120.0
32.75,38.0,0.22817269431362,140.0,120.0
32.75,38.25,0.20942531848459,130.0,100.0
33.0,31.75,0.075409616687164,140.0,-100.0
33.0,32.0,0.25635812754446,140.0,-100.0
33.0,32.25,0.12109111753954,140.0,-100.0
33.0,32.5,0.36354510212241,130.0,-90.0
33.0,32.75,0.22559013515161,130.0,-90.0
33.0,33.0,0.21975971725649,130.0,-80.0
33.0,33.25,0.3006431652842,120.0,-70.0
33.0,33.5,0.22190985321016,120.0,-60.0
33.0,33.75,0.22010118477131,120.0,-50.0
33.0,34.0,0.31061708536299,120.0,-40.0
33.0,34.25,0.32442626374721,120.0,-20.0
33.0,34.5,0.25887092502389,110.0,-10.0
33.0,34.75,0.15404655653932,110.0,0.0
33.0,35.0,0.072101954573977,110.0,10.0
33.0,35.25,0.10639777871035,110.0,20.0
33.0,35.5,0.18495736639957,110.0,30.0
33.0,35.75,0.26889516601601,110.0,40.0
33.0,36.0,0.2308194772093,110.0,60.0
33.0,36.25,0.16482345195718,110.0,70.0
33.0,36.5,0.12846929619737,110.0,80.0
33.0,36.75,0.12629852933264,110.0,90.0
33.0,37.0,0.19401720277568,110.0,100.0
33.0,37.25,0.32664036473827,110.0,110.0
33.0,37.5,0.31124968468729,120.0,110.0
33.0,37.75,0.052735803906813,120.0,120.0
33.0,38.0,0.2709614508146,120.0,120.0
33.0,38.25,0.36217572403734,120.0,120.0
33.25,31.5,0.32313151068907,120.0,-100.0
33.25,31.75,0.20519924664448,130.0,-110.0
33.25,32.0,0.26202136841532,130.0,-110.0
33.25,32.25,0.22777066698448,120.0,-100.0
33.25,32.5,0.23586842079932,120.0,-100.0
33.25,32.75,0.23937926843425,110.0,-90.0
33.25,33.0,0.082986028451056,110.0,-80.0
33.25,33.25,0.082764723714005,110.0,-70.0
33.25,33.5,0.20989608361121,110.0,-60.0
33.25,33.75,0.21328323857026,100.0,-50.0
33.25,34.0,0.18398029042142,100.0,-40.0
33.25,34.25,0.24578016927227,100.0,-30.0
33.25,34.5,0.27301649261993,100.0,-10.0
33.25,34.75,0.25186991930976,100.0,0.0
33.25,35.0,0.27210117661434,100.0,10.0
33.25,35.25,0.23146387567878,90.0,20.0
33.25,35.5,0.22453039884021,90.0,30.0
33.25,35.75,0.26469631426368,90.0,40.0
33.25,36.0,0.32178948519843,90.0,50.0
33.25,36.25,0.28710668147142,90.0,70.0
33.25,36.5,0.2881982082212,90.0,80.0
33.25,36.75,0.28588150575285,100.0,90.0
33.25,37.0,0.25447687193142,100.0,100.0
33.25,37.25,0.24028539690196,100.0,110.0
33.25,37.5,0.27985488639817,100.0,110.0
33.25,37.75,0.15078252255944,100.0,120.0
33.25,38.0,0.33947492376104,110.0,120.0
33.25,38.25,0.10662858886526,110.0,120.0
33.25,38.5,0.12443148434207,110.0,110.0
33.5,31.5,0.29171132368698,110.0,-110.0
33.5,31.75,0.22914929113263,110.0,-110.0
33.5,32.0,0.1211929371001,110.0,-110.0
33.5,32.25,0.32593468198302,100.0,-110.0
33.5,32.5,0.084911773891098,100.0,-100.0
33.5,32.75,0.10672825923082,100.0,-90.0
33.5,33.0,0.2462139891421,100.0,-80.0
33.5,33.25,0.18161210764094,90.0,-70.0
33.5,33.5,0.058574067227296,90.0,-60.0
33.5,33.75,0.10061772316821,90.0,-50.0
33.5,34.0,0.23404873974544,90.0,-40.0
33.5,34.25,0.26377246838239,80.0,-30.0
33.5,34.5,0.2713275758945,80.0,-20.0
33.5,34.75,0.2494684195419,80.0,0.0
33.5,35.0,0.14317803828869,80.0,10.0
33.5,35.25,0.060218336158939,80.0,20.0
33.5,35.5,0.094538191836493,80.0,30.0
33.5,35.75,0.17715621939307,80.0,40.0
33.5,36.0,0.25413776607992,80.0,50.0
33.5,36.25,0.28431128710868,80.0,70.0
33.5,36.5,0.21380148341824,80.0,80.0
33.5,36.75,0.1657426013654,80.0,90.0
33.5,37.0,0.15794229344033,80.0,100.0
33.5,37.25,0.19699348628044,80.0,110.0
33.5,37.5,0.3168729466376,80.0,110.0
33.5,37.75,0.27011239033671,80.0,120.0
33.5,38.0,0.24658216444226,90.0,130.0
33.5,38.25,0.27789979284366,90.0,130.0
33.5,38.5,0.24927572717005,90.0,120.0
33.75,31.25,0.28055720284944,90.0,-90.0
33.75,31.5,0.17929799783475,100.0,-110.0
33.75,31.75,0.29870710367594,100.0,-120.0
33.75,32.0,0.28311724004678,90.0,-110.0
33.75,32.25,0.12670050951906,90.0,-110.0
33.75,32.5,0.27937800763192,90.0,-100.0
33.75,32.75,0.19290507016477,80.0,-90.0
33.75,33.0,0.1933139202369,80.0,-80.0
33.75,33.25,0.2556503179381,80.0,-70.0
33.75,33.5,0.28546686749988,70.0,-60.0
33.75,33.75,0.14789057551096,70.0,-50.0
33.75,34.0,0.019711702532087,70.0,-40.0
33.75,34.25,0.10280579953477,70.0,-30.0
33.75,34.5,0.21644979910372,70.0,-20.0
33.75,34.75,0.32730880240886,70.0,-10.0
33.75,35.0,0.33946405787207,60.0,10.0
33.75,35.25,0.23975462383916,60.0,20.0
33.75,35.5,0.16205137947049,60.0,30.0
33.75,35.75,0.14342605670367,60.0,40.0
33.75,36.0,0.18721329429215,60.0,50.0
33.75,36.25,0.26138348101987,60.0,60.0
33.75,36.5,0.29222362272219,60.0,80.0
33.75,36.75,0.25814215945671,60.0,90.0
33.75,37.0,0.27491691101746,60.0,100.0
33.75,37.25,0.31406486200787,60.0,110.0
33.75,37.5,0.34962058497486,70.0,110.0
33.75,37.75,0.18047590265996,70.0,120.0
33.75,38.0,0.20115781311658,70.0,130.0
33.75,38.25,0.21449707786884,70.0,130.0
33.75,38.5,0.25672505001128,80.0,120.0
33.75,38.75,0.24975509354014,70.0,100.0
34.0,31.25,0.1820097707096,80.0,-100.0
34.0,31.5,0.20102006974653,80.0,-120.0
34.0,31.75,0.046217070188282,80.0,-120.0
34.0,32.0,0.27460975464867,80.0,-120.0
34.0,32.25,0.14547862809564,70.0,-110.0
34.0,32.5,0.2246056888892,70.0,-100.0
34.0,32.75,0.35166984692488,70.0,-90.0
34.0,33.0,0.33340695305942,60.0,-90.0
34.0,33.25,0.28632702317939,60.0,-80.0
34.0,33.5,0.24401279235101,60.0,-60.0
34.0,33.75,0.227508956414,60.0,-50.0
34.0,34.0,0.26143281927786,60.0,-40.0
34.0,34.25,0.20668468060242,50.0,-30.0
34.0,34.5,0.15789478626887,50.0,-20.0
34.0,34.75,0.18975067886786,50.0,-10.0
34.0,35.0,0.27537482586129,50.0,0.0
34.0,35.25,0.18949434060053,50.0,20.0
34.0,35.5,0.11390077480771,50.0,30.0
34.0,35.75,0.12281231641989,50.0,40.0
34.0,36.0,0.17583787134305,50.0,50.0
34.0,36.25,0.23973558880326,50.0,60.0
34.0,36.5,0.29176331778671,50.0,70.0
34.0,36.75,0.29569445470692,50.0,90.0
34.0,37.0,0.26440818800924,50.0,100.0
34.0,37.25,0.2656926603297,50.0,110.0
34.0,37.5,0.2582789586522,50.0,110.0
34.0,37.75,0.12113650863011,50.0,120.0
34.0,38.0,0.21947041341775,50.0,130.0
34.0,38.25,0.2605946058987,50.0,130.0
34.0,38.5,0.29920677846219,60.0,130.0
34.0,38.75,0.11052784748342,60.0,110.0
34.25,31.25,0.28340364218031,70.0,-110.0
34.25,31.5,0.24489119621028,60.0,-120.0
34.25,31.75,0.16231309115074,60.0,-120.0
34.25,32.0,0.079590315730364,60.0,-120.0
34.25,32.25,0.30635980574663,60.0,-110.0
34.25,32.5,0.28631065133339,50.0,-110.0
34.25,32.75,0.18103488344471,50.0,-100.0
34.25,33.0,0.19358688715332,50.0,-90.0
34.25,33.25,0.27418080715937,50.0,-80.0
34.25,33.5,0.33961839014286,40.0,-70.0
34.25,33.75,0.30658785656249,40.0,-50.0
34.25,34.0,0.19500635349738,40.0,-40.0
34.25,34.25,0.10186521532059,40.0,-30.0
34.25,34.5,0.081774108578121,40.0,-20.0
34.25,34.75,0.17401595640716,40.0,-10.0
34.25,35.0,0.28486362201363,40.0,0.0
34.25,35.25,0.35265594050487,40.0,20.0
34.25,35.5,0.27590647182487,30.0,30.0
34.25,35.75,0.18604939085274,30.0,40.0
34.25,36.0,0.14899023683606,30.0,50.0
34.25,36.25,0.18006116696575,30.0,60.0
34.25,36.5,0.23487317756012,30.0,70.0
34.25,36.75,0.27252728255791,30.0,80.0
34.25,37.0,0.29711926638709,30.0,90.0
34.25,37.25,0.2962767813259,30.0,100.0
34.25,37.5,0.27124701106124,30.0,110.0
34.25,37.75,0.23184448840429,30.0,120.0
34.25,38.0,0.29479664811143,40.0,130.0
34.25,38.25,0.17206879092651,40.0,130.0
34.25,38.5,0.21262242208788,40.0,130.0
34.25,38.75,0.12461826567867,40.0,110.0
34.5,31.25,0.16029755877676,50.0,-110.0
34.5,31.5,0.26417899100601,50.0,-120.0
34.5,31.75,0.37066337018739,40.0,-120.0
34.5,32.0,0.15012728900316,40.0,-120.0
34.5,32.25,0.25716435535239,40.0,-120.0
34.5,32.5,0.19195640240016,40.0,-110.0
34.5,32.75,0.26017861545638,40.0,-100.0
34.5,33.0,0.20749402337246,30.0,-90.0
34.5,33.25,0.13682192186693,30.0,-80.0
34.5,33.5,0.15546042881299,30.0,-70.0
34.5,33.75,0.22493408473259,30.0,-60.0
34.5,34.0,0.29149911899258,30.0,-40.0
34.5,34.25,0.26504408460322,30.0,-30.0
34.5,34.5,0.26113239802805,30.0,-20.0
34.5,34.75,0.21085667845381,20.0,-10.0
34.5,35.0,0.20401411974455,20.0,0.0
34.5,35.25,0.26310293607277,20.0,10.0
34.5,35.5,0.22319353353185,20.0,30.0
34.5,35.75,0.11507504614602,20.0,40.0
34.5,36.0,0.047119510591281,20.0,50.0
34.5,36.25,0.092280043863344,20.0,60.0
34.5,36.5,0.16320489457454,20.0,70.0
34.5,36.75,0.2331383075457,20.0,80.0
34.5,37.0,0.25916536705577,20.0,90.0
34.5,37.25,0.26657116708029,20.0,100.0
34.5,37.5,0.21936743521653,20.0,110.0
34.5,37.75,0.12232021483774,20.0,120.0
34.5,38.0,0.19099996664129,20.0,130.0
34.5,38.25,0.053187245460679,20.0,130.0
34.5,38.5,0.12468970392258,20.0,130.0
34.5,38.75,0.30460177612084,20.0,120.0
34.75,31.25,0.23799488437616,30.0,-110.0
34.75,31.5,0.3031444482901,30.0,-130.0
34.75,31.75,0.29060685861373,30.0,-130.0
34.75,32.0,0.3194119774562,30.0,-120.0
34.75,32.25,0.23710579429946,20.0,-120.0
34.75,32.5,0.10085470947863,20.0,-110.0
34.75,32.75,0.0058839247558466,20.0,-100.0
34.75,33.0,0.056123050114847,20.0,-90.0
34.75,33.25,0.1357150182831,20.0,-80.0
34.75,33.5,0.19738190732384,20.0,-70.0
34.75,33.75,0.29274901856372,20.0,-60.0
34.75,34.0,0.30002817007964,10.0,-50.0
34.75,34.25,0.27675323353534,10.0,-30.0
34.75,34.5,0.16318062845842,10.0,-20.0
34.75,34.75,0.045227076559321,10.0,-10.0
34.75,35.0,0.075949258630594,10.0,0.0
34.75,35.25,0.19778873178326,10.0,10.0
34.75,35.5,0.31147680831717,10.0,30.0
34.75,35.75,0.26386550325081,10.0,40.0
34.75,36.0,0.25171869401056,10.0,50.0
34.75,36.25,0.25239414007507,0.0,60.0
34.75,36.5,0.23002608597021,0.0,70.0
34.75,36.75,0.20938999440236,0.0,80.0
34.75,37.0,0.21118443853104,0.0,90.0
34.75,37.25,0.18785176155867,0.0,100.0
34.75,37.5,0.1380035583239,0.0,110.0
34.75,37.75,0.075672409910833,0.0,120.0
34.75,38.0,0.24843201417946,0.0,130.0
34.75,38.25,0.078889891628128,0.0,130.0
34.75,38.5,0.17128933538758,0.0,130.0
34.75,38.75,0.29666956730168,0.0,120.0
35.0,31.0,0.16888285698734,10.0,-90.0
35.0,31.25,0.25754905488013,10.0,-120.0
35.0,31.5,0.18776666471297,10.0,-130.0
35.0,31.75,0.13805240303454,10.0,-130.0
35.0,32.0,0.28907372503292,10.0,-120.0
35.0,32.25,0.16902867320197,10.0,-120.0
35.0,32.5,0.19805446967782,10.0,-110.0
35.0,32.75,0.26166951914204,10.0,-100.0
35.0,33.0,0.24459221721392,0.0,-90.0
35.0,33.25,0.18222383342111,0.0,-80.0
35.0,33.5,0.13701865894576,0.0,-70.0
35.0,33.75,0.1076861184927,0.0,-60.0
35.0,34.0,0.16399780094127,0.0,-50.0
35.0,34.25,0.25962036483593,0.0,-40.0
35.0,34.5,0.22317331051385,0.0,-20.0
35.0,34.75,0.17084475145499,0.0,-10.0
35.0,35.0,0.1908241844124,0.0,0.0
35.0,35.25,0.27463799401674,0.0,10.0
35.0,35.5,0.30391279063114,-10.0,20.0
35.0,35.75,0.29137070417139,-10.0,40.0
35.0,36.0,0.18504471096497,-10.0,50.0
35.0,36.25,0.088892454049759,-10.0,60.0
35.0,36.5,0.018440395027494,-10.0,70.0
35.0,36.75,0.083922187216026,-10.0,80.0
35.0,37.0,0.13224967864003,-10.0,90.0
35.0,37.25,0.17583609846048,-10.0,100.0
35.0,37.5,0.19712593815128,-10.0,110.0
35.0,37.75,0.24928815939516,-10.0,120.0
35.0,38.0,0.36613718568361,-20.0,120.0
35.0,38.25,0.19403704223349,-20.0,130.0
35.0,38.5,0.21559128712801,-20.0,130.0
35.0,38.75,0.26947972729106,-20.0,120.0
35.0,39.0,0.17494067188966,-20.0,90.0
35.25,31.25,0.27399166286535,-10.0,-120.0
35.25,31.5,0.17428552256431,-10.0,-130.0
35.25,31.75,0.097567741799772,-10.0,-130.0
35.25,32.0,0.25978994139142,-10.0,-130.0
35.25,32.25,0.077296144745862,-10.0,-120.0
35.25,32.5,0.11047839868779,-10.0,-110.0
35.25,32.75,0.14717912096352,-10.0,-100.0
35.25,33.0,0.14379944436199,-10.0,-90.0
35.25,33.25,0.12606499064228,-10.0,-80.0
35.25,33.5,0.084711452179998,-10.0,-70.0
35.25,33.75,0.11451094965246,-10.0,-60.0
35.25,34.0,0.19570592704181,-10.0,-50.0
35.25,34.25,0.29234857453218,-10.0,-40.0
35.25,34.5,0.37111069204624,-10.0,-20.0
35.25,34.75,0.26839269033364,-20.0,-10.0
35.25,35.0,0.16862048577062,-20.0,0.0
35.25,35.25,0.10973318609666,-20.0,10.0
35.25,35.5,0.15604394110774,-20.0,20.0
35.25,35.75,0.25304184062153,-20.0,30.0
35.25,36.0,0.23431896314748,-20.0,50.0
35.25,36.25,0.18447743754711,-20.0,60.0
35.25,36.5,0.19038587489664,-20.0,70.0
35.25,36.75,0.25303029293331,-30.0,80.0
35.25,37.0,0.19732372305063,-30.0,90.0
35.25,37.25,0.12422282020356,-30.0,100.0
35.25,37.5,0.073598866722626,-30.0,110.0
35.25,37.75,0.15877671764014,-30.0,120.0
35.25,38.0,0.22420821712648,-30.0,120.0
35.25,38.25,0.28292425043304,-30.0,130.0
35.25,38.5,0.34098102910552,-40.0,130.0
35.25,38.75,0.28677265942261,-40.0,110.0
35.5,31.25,0.27996245890102,-30.0,-120.0
35.5,31.5,0.15592659644023,-30.0,-130.0
35.5,31.75,0.17034431028279,-30.0,-130.0
35.5,32.0,0.3003288310823,-30.0,-130.0
35.5,32.25,0.23468768393432,-20.0,-120.0
35.5,32.5,0.26521841801216,-20.0,-110.0
35.5,32.75,0.30786926803595,-20.0,-100.0
35.5,33.0,0.30966743794174,-20.0,-90.0
35.5,33.25,0.31305587679463,-30.0,-80.0
35.5,33.5,0.27447680894892,-30.0,-70.0
35.5,33.75,0.20856016226935,-30.0,-60.0
35.5,34.0,0.15735210423472,-30.0,-50.0
35.5,34.25,0.16440849645446,-30.0,-40.0
35.5,34.5,0.23909246368965,-30.0,-30.0
35.5,34.75,0.2359673647121,-30.0,-10.0
35.5,35.0,0.12684646520815,-30.0,0.0
35.5,35.25,0.080785073142287,-30.0,10.0
35.5,35.5,0.15925829416626,-30.0,20.0
35.5,35.75,0.27900482205051,-30.0,30.0
35.5,36.0,0.36347662883322,-40.0,40.0
35.5,36.25,0.28066802050254,-40.0,60.0
35.5,36.5,0.18747662761325,-40.0,70.0
35.5,36.75,0.09085848527298,-40.0,80.0
35.5,37.0,0.070465370231319,-40.0,90.0
35.5,37.25,0.14408293326866,-40.0,100.0
35.5,37.5,0.23840382406302,-40.0,110.0
35.5,37.75,0.30217732215413,-50.0,120.0
35.5,38.0,0.13343157325124,-50.0,120.0
35.5,38.25,0.29849560251638,-50.0,130.0
35.5,38.5,0.31877740393511,-50.0,120.0
35.5,38.75,0.21913520634721,-60.0,110.0
35.75,31.25,0.18470310217873,-50.0,-110.0
35.75,31.5,0.20680276362126,-50.0,-130.0
35.75,31.75,0.22077342494905,-50.0,-130.0
35.75,32.0,0.2278076159451,-40.0,-130.0
35.75,32.25,0.10049131932272,-40.0,-120.0
35.75,32.5,0.20098314387724,-40.0,-110.0
35.75,32.75,0.25843503444002,-40.0,-100.0
35.75,33.0,0.26250940499222,-40.0,-90.0
35.75,33.25,0.23879147275127,-40.0,-80.0
35.75,33.5,0.17163526708529,250.0,-50.0
35.75,33.75,0.11439413403672,-40.0,-60.0
35.75,34.0,0.056237442973058,-40.0,-50.0
35.75,34.25,0.10881155892918,-40.0,-40.0
35.75,34.5,0.20091808678183,-40.0,-30.0
35.75,34.75,0.31243101484477,-40.0,-20.0
35.75,35.0,0.28210330130742,-40.0,0.0
35.75,35.25,0.26472157118226,-50.0,10.0
35.75,35.5,0.18646481923866,-50.0,20.0
35.75,35.75,0.14956438225369,-50.0,30.0
35.75,36.0,0.19786392160882,-50.0,40.0
35.75,36.25,0.27883183378995,-50.0,50.0
35.75,36.5,0.24055669275831,-50.0,70.0
35.75,36.75,0.26308371644616,-50.0,80.0
35.75,37.0,0.27587894225842,-60.0,90.0
35.75,37.25,0.20085192408586,-60.0,100.0
35.75,37.5,0.22381424020454,-60.0,110.0
35.75,37.75,0.2273837350706,220.0,140.0
35.75,38.0,0.18909215862554,-70.0,120.0
35.75,38.25,0.15026776694901,-70.0,120.0
35.75,38.5,0.19041469443568,-70.0,120.0
35.75,38.75,0.1914027855873,-80.0,110.0
36.0,31.25,0.15401585416041,-70.0,-110.0
36.0,31.5,0.22736335974049,-70.0,-130.0
36.0,31.75,0.22060621329245,-70.0,-130.0
36.0,32.0,0.16799463518096,-60.0,-130.0
36.0,32.25,0.12196495616658,-60.0,-120.0
36.0,32.5,0.29512757328911,-60.0,-110.0
36.0,32.75,0.3209926992827,-60.0,-110.0
36.0,33.0,0.0759352584177,230.0,-70.0
36.0,33.25,0.36683317420791,-50.0,-90.0
36.0,33.5,0.32241343413506,-50.0,-70.0
36.0,33.75,0.2987245758747,-50.0,-60.0
36.0,34.0,0.25646826471803,-60.0,-50.0
36.0,34.25,0.20996015155949,-60.0,-40.0
36.0,34.5,0.21375850673311,-60.0,-30.0
36.0,34.75,0.24562581099081,-60.0,-20.0
36.0,35.0,0.28573610758158,-60.0,0.0
36.0,35.25,0.16811050994285,-60.0,10.0
36.0,35.5,0.065627299063166,-60.0,20.0
36.0,35.75,0.11024222415584,-60.0,30.0
36.0,36.0,0.21357233416654,-60.0,40.0
36.0,36.25,0.31083839760457,-70.0,50.0
36.0,36.5,0.25180440450848,220.0,90.0
36.0,36.75,0.27228056874483,-70.0,80.0
36.0,37.0,0.25470204343029,-70.0,90.0
36.0,37.25,0.32833999680836,-70.0,100.0
36.0,37.5,0.29059939063818,-80.0,100.0
36.0,37.75,0.10528873898896,-80.0,110.0
36.0,38.0,0.25449710038105,-80.0,120.0
36.0,38.25,0.031640762128251,-90.0,120.0
36.0,38.5,0.22126786987311,-90.0,120.0
36.0,38.75,0.29252174354226,-100.0,100.0
36.25,31.25,0.12150540909948,210.0,-60.0
36.25,31.5,0.20644902384652,-90.0,-120.0
36.25,31.75,0.20034361443186,-90.0,-130.0
36.25,32.0,0.18667519009798,-80.0,-130.0
36.25,32.25,0.14655997815202,-80.0,-120.0
36.25,32.5,0.34067098121326,-70.0,-110.0
36.25,32.75,0.26536825798446,-70.0,-110.0
36.25,33.0,0.21641510082683,-70.0,-100.0
36.25,33.25,0.22522133319445,-70.0,-90.0
36.25,33.5,0.27370388540313,-70.0,-80.0
36.25,33.75,0.23048643977136,-70.0,-60.0
36.25,34.0,0.14908021597113,-70.0,-50.0
36.25,34.25,0.062519531203388,-70.0,-40.0
36.25,34.5,0.037394383469252,-70.0,-30.0
36.25,34.75,0.14394146410183,-70.0,-20.0
36.25,35.0,0.25291555681167,-70.0,-10.0
36.25,35.25,0.27956433313055,-70.0,10.0
36.25,35.5,0.25738630154649,-70.0,20.0
36.25,35.75,0.19762219423869,-80.0,30.0
36.25,36.0,0.11075209489603,-80.0,40.0
36.25,36.25,0.10183613432054,-80.0,50.0
36.25,36.5,0.17657939011712,-80.0,60.0
36.25,36.75,0.28856437766596,-80.0,70.0
36.25,37.0,0.25511143821069,-90.0,80.0
36.25,37.25,0.17784976981037,-90.0,90.0
36.25,37.5,0.21218025718485,-90.0,100.0
36.25,37.75,0.081084807995133,-100.0,110.0
36.25,38.0,0.31960057172578,-100.0,110.0
36.25,38.25,0.19284965145129,-110.0,120.0
36.25,38.5,0.25794358566385,-110.0,110.0
36.25,38.75,0.31283018688014,-110.0,90.0
36.5,31.5,0.17684959329346,-110.0,-120.0
36.5,31.75,0.18640611917904,-110.0,-130.0
36.5,32.0,0.20419981649466,-100.0,-130.0
36.5,32.25,0.17782778745113,-100.0,-120.0
36.5,32.5,0.32527437875329,-90.0,-120.0
36.5,32.75,0.18284741001816,-90.0,-110.0
36.5,33.0,0.1912226610395,-90.0,-100.0
36.5,33.25,0.24505544834554,-90.0,-90.0
36.5,33.5,0.31755796259021,-90.0,-80.0
36.5,33.75,0.35915842791895,-90.0,-70.0
36.5,34.0,0.32073621799061,-80.0,-50.0
36.5,34.25,0.26963664406818,-90.0,-40.0
36.5,34.5,0.23370916456444,-90.0,-30.0
36.5,34.75,0.20113859587901,-90.0,-20.0
36.5,35.0,0.21841585757521,-90.0,-10.0
36.5,35.25,0.26535048426252,-90.0,0.0
36.5,35.5,0.22400761093177,-90.0,20.0
36.5,35.75,0.15269611534992,-90.0,30.0
36.5,36.0,0.16444363695867,-90.0,40.0
36.5,36.25,0.23309222509539,-100.0,50.0
36.5,36.5,0.14985960824684,-100.0,60.0
36.5,36.75,0.092040962739294,-100.0,70.0
36.5,37.0,0.18825308284006,-100.0,80.0
36.5,37.25,0.12461926752996,-110.0,90.0
36.5,37.5,0.10557433493551,-110.0,100.0
36.5,37.75,0.22502362450634,-120.0,110.0
36.5,38.0,0.18940415683578,-120.0,110.0
36.5,38.25,0.19384881692369,-130.0,110.0
36.5,38.5,0.22603977987453,-130.0,110.0
36.75,31.5,0.25955123079499,-140.0,-110.0
36.75,31.75,0.23095493223069,-130.0,-120.0
36.75,32.0,0.3396036166503,-120.0,-130.0
36.75,32.25,0.14251411290139,-120.0,-120.0
36.75,32.5,0.31209594716506,-110.0,-120.0
36.75,32.75,0.16220757907434,-110.0,-110.0
36.75,33.0,0.2256315524554,-110.0,-100.0
36.75,33.25,0.23707769445221,-100.0,-90.0
36.75,33.5,0.20480362933058,-100.0,-80.0
36.75,33.75,0.24419775544454,-100.0,-70.0
36.75,34.0,0.27701685615385,-100.0,-50.0
36.75,34.25,0.18338764001989,180.0,-20.0
36.75,34.5,0.12812895380693,-100.0,-30.0
36.75,34.75,0.11235678834114,-100.0,-20.0
36.75,35.0,0.16728371767736,-100.0,-10.0
36.75,35.25,0.27242438671522,-100.0,0.0
36.75,35.5,0.32642691981548,-110.0,10.0
36.75,35.75,0.26480751765306,-110.0,30.0
36.75,36.0,0.16815892013331,-110.0,40.0
36.75,36.25,0.13779522658743,-110.0,50.0
36.75,36.5,0.20404241739158,-110.0,60.0
36.75,36.75,0.13347441032623,-120.0,70.0
36.75,37.0,0.079282485050315,-120.0,80.0
36.75,37.25,0.20398708236544,-130.0,90.0
36.75,37.5,0.19874796628747,-130.0,100.0
36.75,37.75,0.24554375401862,-140.0,100.0
36.75,38.0,0.2110694393998,-140.0,110.0
36.75,38.25,0.13817597770888,-150.0,110.0
36.75,38.5,0.10143601813323,-150.0,100.0
37.0,31.75,0.18832920362101,-150.0,-120.0
37.0,32.0,0.31051985642466,-150.0,-130.0
37.0,32.25,0.1274591838045,-140.0,-120.0
37.0,32.5,0.26126769654721,130.0,-90.0
37.0,32.75,0.11585856037926,-130.0,-110.0
37.0,33.0,0.20962197131831,-130.0,-100.0
37.0,33.25,0.17619607862484,-120.0,-90.0
37.0,33.5,0.1204546774958,-120.0,-80.0
37.0,33.75,0.15792498204005,-120.0,-70.0
37.0,34.0,0.23244155197155,-120.0,-60.0
37.0,34.25,0.27259788648101,-120.0,-40.0
37.0,34.5,0.19476763918469,-120.0,-30.0
37.0,34.75,0.10503542797719,-120.0,-20.0
37.0,35.0,0.0098339822087278,-120.0,-10.0
37.0,35.25,0.097153026451781,-120.0,0.0
37.0,35.5,0.20171019163626,-120.0,10.0
37.0,35.75,0.33064307704541,-120.0,20.0
37.0,36.0,0.31821236661023,-130.0,40.0
37.0,36.25,0.21969408497071,-130.0,50.0
37.0,36.5,0.20733609694215,-130.0,60.0
37.0,36.75,0.25037135300107,-140.0,70.0
37.0,37.0,0.1798589060006,-140.0,80.0
37.0,37.25,0.31421897539061,-150.0,90.0
37.0,37.5,0.24361302831877,-150.0,90.0
37.0,37.75,0.098659748120145,-160.0,100.0
37.0,38.0,0.32153701616792,-160.0,100.0
37.0,38.25,0.12368831517053,-170.0,100.0
37.25,31.75,0.11364099764473,-170.0,-110.0
37.25,32.0,0.089088737798897,-170.0,-120.0
37.25,32.25,0.24238604516741,-160.0,-120.0
37.25,32.5,0.23546921959061,-160.0,-120.0
37.25,32.75,0.14822466657252,-150.0,-110.0
37.25,33.0,0.15007454984403,-150.0,-100.0
37.25,33.25,0.18202546670543,-140.0,-90.0
37.25,33.5,0.059531842040111,-140.0,-80.0
37.25,33.75,0.10441400941713,-140.0,-70.0
37.25,34.0,0.19335637473009,-140.0,-60.0
37.25,34.25,0.25702166605027,-140.0,-50.0
37.25,34.5,0.30815662620392,-140.0,-30.0
37.25,34.75,0.22533268519368,-140.0,-20.0
37.25,35.0,0.14550617584014,-140.0,-10.0
37.25,35.25,0.045722262489254,-140.0,0.0
37.25,35.5,0.059912916680035,-140.0,10.0
37.25,35.75,0.18954958720212,-140.0,20.0
37.25,36.0,0.28779733477025,-150.0,30.0
37.25,36.25,0.22955986579189,-150.0,40.0
37.25,36.5,0.25746557629913,-150.0,50.0
37.25,36.75,0.31927194264519,-160.0,60.0
37.25,37.0,0.23462533295914,-160.0,70.0
37.25,37.25,0.23768550329371,-170.0,80.0
37.25,37.5,0.14280861906336,-170.0,90.0
37.25,37.75,0.20512200472963,-180.0,100.0
37.25,38.0,0.19499933212541,-180.0,100.0
37.25,38.25,0.02963920281159,-180.0,90.0
37.5,32.0,0.29171943996697,-190.0,-120.0
37.5,32.25,0.10410743853384,-190.0,-120.0
37.5,32.5,0.23009314192673,-180.0,-120.0
37.5,32.75,0.20043520685965,-180.0,-110.0
37.5,33.0,0.045069318484177,-170.0,-100.0
37.5,33.25,0.21669172353219,-170.0,-90.0
37.5,33.5,0.096079646497894,-160.0,-80.0
37.5,33.75,0.018186975804506,-160.0,-70.0
37.5,34.0,0.13530023327289,-160.0,-60.0
37.5,34.25,0.19676829255096,-160.0,-50.0
37.5,34.5,0.27466934841497,-160.0,-40.0
37.5,34.75,0.32173128011945,-160.0,-30.0
37.5,35.0,0.24860545060095,-160.0,-10.0
37.5,35.25,0.14886700696231,-160.0,0.0
37.5,35.5,0.06234111074699,-160.0,10.0
37.5,35.75,0.11742211299153,-160.0,20.0
37.5,36.0,0.24167875437367,-160.0,30.0
37.5,36.25,0.11984674847228,-170.0,40.0
37.5,36.5,0.15225482374811,-170.0,50.0
37.5,36.75,0.18571531837878,-180.0,60.0
37.5,37.0,0.13691820687478,-180.0,70.0
37.5,37.25,0.096679526394571,-190.0,80.0
37.5,37.5,0.21336173523791,-190.0,90.0
37.5,37.75,0.1542798260309,-200.0,90.0
37.5,38.0,0.14237330978694,-200.0,90.0
37.75,32.25,0.2830518017851,-210.0,-110.0
37.75,32.5,0.34604944596992,-210.0,-120.0
37.75,32.75,0.023957470609105,-200.0,-110.0
37.75,33.0,0.21889324382585,-190.0,-100.0
37.75,33.25,0.16287301095631,-190.0,-90.0
37.75,33.5,0.27103321917329,-190.0,-80.0
37.75,33.75,0.14511036455578,-180.0,-70.0
37.75,34.0,0.045482200736558,-180.0,-60.0
37.75,34.25,0.078902224653166,-180.0,-50.0
37.75,34.5,0.15870777938567,-180.0,-40.0
37.75,34.75,0.19744808873603,-180.0,-30.0
37.75,35.0,0.25747077233765,-180.0,-20.0
37.75,35.25,0.25593333604424,-180.0,0.0
37.75,35.5,0.19110029202204,-180.0,10.0
37.75,35.75,0.20922121373056,-180.0,20.0
37.75,36.0,0.21386786318867,-190.0,30.0
37.75,36.25,0.052649388496971,-190.0,40.0
37.75,36.5,0.2037771061247,-190.0,50.0
37.75,36.75,0.069804822263097,-200.0,60.0
37.75,37.0,0.1873432342396,-200.0,70.0
37.75,37.25,0.18131858772123,-210.0,80.0
37.75,37.5,0.17410606818152,-210.0,80.0
37.75,37.75,0.14134892144735,-210.0,80.0
38.0,32.5,0.07989581240139,-220.0,-110.0
38.0,32.75,0.068275531063632,-220.0,-110.0
38.0,33.0,0.26669853952818,-220.0,-100.0
38.0,33.25,0.30637096166136,-210.0,-90.0
38.0,33.5,0.28786894237082,-210.0,-90.0
38.0,33.75,0.33222501965587,-210.0,-70.0
38.0,34.0,0.21891062216839,-200.0,-60.0
38.0,34.25,0.1432697816553,-200.0,-50.0
38.0,34.5,0.048272455692599,-200.0,-40.0
38.0,34.75,0.033474867859307,-200.0,-30.0
38.0,35.0,0.10615319377299,-200.0,-20.0
38.0,35.25,0.19352666682753,-200.0,-10.0
38.0,35.5,0.28386842354688,-200.0,0.0
38.0,35.75,0.33908660245822,-210.0,20.0
38.0,36.0,0.23740337075322,-210.0,30.0
38.0,36.25,0.16945124756987,30.0,60.0
38.0,36.5,0.2756218016574,-220.0,50.0
38.0,36.75,0.17597915256382,-220.0,60.0
38.0,37.0,0.30272030273041,-220.0,70.0
38.0,37.25,0.26280054798672,-230.0,70.0
38.0,37.5,0.25183698172415,-220.0,70.0
38.25,32.75,0.21315056611715,-230.0,-100.0
38.25,33.0,0.28355621960906,-240.0,-100.0
38.25,33.25,0.29698897159672,-240.0,-100.0
38.25,33.5,0.17087821836001,-230.0,-90.0
38.25,33.75,0.14078633491652,-230.0,-80.0
38.25,34.0,0.25165608816712,-230.0,-70.0
38.25,34.25,0.3452146608276,-230.0,-60.0
38.25,34.5,0.27553912567782,-220.0,-40.0
38.25,34.75,0.22265594911848,-220.0,-30.0
38.25,35.0,0.18559545037256,-220.0,-20.0
38.25,35.25,0.23083095228147,-220.0,-10.0
38.25,35.5,0.20885083363685,-230.0,0.0
38.25,35.75,0.15541739105587,-230.0,10.0
38.25,36.0,0.17661096074161,-230.0,20.0
38.25,36.25,0.25879710275917,-230.0,30.0
38.25,36.5,0.29907199218513,-240.0,40.0
38.25,36.75,0.20349650700701,-240.0,50.0
38.25,37.0,0.15266888566639,-240.0,60.0
38.25,37.25,0.062578286801242,-230.0,60.0
38.5,33.25,0.31717378368055,-250.0,-100.0
38.5,33.5,0.062052239320625,-250.0,-90.0
38.5,33.75,0.082800405870937,-250.0,-80.0
38.5,34.0,0.13455091305369,-250.0,-70.0
38.5,34.25,0.18575293488888,-250.0,-60.0
38.5,34.5,0.24251172982993,-250.0,-50.0
38.5,34.75,0.29717198050914,-250.0,-40.0
38.5,35.0,0.35768945032095,-250.0,-30.0
38.5,35.25,0.27724234126634,-250.0,-10.0
38.5,35.5,0.20713496646568,-250.0,0.0
38.5,35.75,0.12503776813963,-250.0,10.0
38.5,36.0,0.068399792177173,-250.0,20.0
38.5,36.25,0.037207264223486,-250.0,30.0
38.5,36.5,0.081814010453568,-250.0,40.0
38.5,36.75,0.33042696264139,-240.0,40.0
38.75,33.75,0.19841366354572,-250.0,-80.0
38.75,34.0,0.080196698269351,-60.0,-40.0
38.75,34.25,0.32723740306379,-60.0,-30.0
38.75,34.5,0.50850991039718,-250.0,-50.0
38.75,34.75,0.51160334480948,-250.0,-40.0
38.75,35.0,0.53315226542375,-250.0,-30.0
38.75,35.25,0.52458560898639,-250.0,-20.0
38.75,35.5,0.32289204169101,-60.0,20.0
38.75,35.75,0.4687722211242,-250.0,0.0
38.75,36.0,0.36350373984807,-250.0,10.0
38.75,36.25,0.1170662994475,-250.0,20.0
39.0,35.0,0.16738657549125,-250.0,-30.0
